error_scenario,curve_scenario,basis_dimension,attempted_replicates,successful_replicates,failed_replicates,mean_curve_RMSE,MCSE_curve_RMSE,mean_curve_MAE,MCSE_curve_MAE,mean_pointwise_95_coverage,MCSE_pointwise_95_coverage,mean_mean_interval_width,MCSE_mean_interval_width
AR2_errors,narrow_peak,3,200,200,0,0.11267833059077863,0.0003622816124344619,0.08654959439353921,0.0006171167963711063,0.4285714285714285,0.011047115698445705,0.10501376568138955,0.0009210823033011913
AR2_errors,narrow_peak,5,200,200,0,0.08202269324184072,0.0004694429845630851,0.06715991847139482,0.0005917175282456232,0.5414285714285714,0.010793081874378671,0.129180987299608,0.0009758520004494315
AR2_errors,narrow_peak,7,200,200,0,0.03992677640983665,0.0008348745592328497,0.03360091955880655,0.0007463190830849294,0.9035714285714285,0.008529299433468234,0.13877169851850768,0.0009001289750202787
AR2_errors,smooth_curve,3,200,200,0,0.02847199221550473,0.0009245178497556883,0.024656048073340268,0.0008444269064855439,0.8521428571428572,0.01489640499435073,0.09374565843832622,0.0009437314819504582
AR2_errors,smooth_curve,5,200,200,0,0.03591396757253006,0.0008757699332645671,0.030466631876783196,0.0007817858397373786,0.8821428571428572,0.010974350345281226,0.1222113868881175,0.0009731786488872918
AR2_errors,smooth_curve,7,200,200,0,0.039949885765667506,0.0008366082092152608,0.033625587887837115,0.000748734854880776,0.9035714285714286,0.008468967645662833,0.13875193095754884,0.0008999921041796474
ARMA21_errors,narrow_peak,3,200,200,0,0.11417546294082062,0.0003945650850755964,0.08480593168593518,0.0005715816619131986,0.47642857142857137,0.009296751957776106,0.111879786119289,0.0009797200846079783
ARMA21_errors,narrow_peak,5,200,200,0,0.0877644127585868,0.000680474664933112,0.07116038296617937,0.0007180846172545303,0.5885714285714285,0.010886272179066733,0.14358375589212707,0.0011698128845516894
ARMA21_errors,narrow_peak,7,200,200,0,0.03981000812964607,0.0009391922927455816,0.03351571923452942,0.0008438670349866265,0.915,0.009063269671749669,0.14924079588746048,0.0010550444381300173
ARMA21_errors,smooth_curve,3,200,200,0,0.028029996690723404,0.0008975284147827939,0.024238336524348397,0.0008259854425413846,0.9028571428571429,0.012839982166526324,0.10249486069043723,0.0009558600019566231
ARMA21_errors,smooth_curve,5,200,200,0,0.036469297135096085,0.0009652425180640595,0.03069756651709772,0.0008606579246012866,0.9085714285714286,0.009609331259598229,0.1363493647949972,0.001046379194253194
ARMA21_errors,smooth_curve,7,200,200,0,0.03980671824518362,0.0009391257972193457,0.033513069446824424,0.0008438675296248719,0.915,0.009063269671749669,0.1492396727155237,0.0010551779881326222
