error_scenario,curve_scenario,basis_dimension,lag_weeks,successful_replicates,mean_bias,bias_MCSE,pointwise_coverage,coverage_MCSE
AR2_errors,narrow_peak,3,0,200,0.0536092901494252,0.00285552826105397,0.69,0.032785276754349606
AR2_errors,narrow_peak,3,1,200,0.009398954846339999,0.0019305047637858794,0.845,0.025654742819715283
AR2_errors,narrow_peak,3,2,200,-0.2305181886480534,0.002085867141946971,0.0,0.0
AR2_errors,narrow_peak,3,3,200,0.04741374312525104,0.0022898141919383036,0.505,0.035442288003096976
AR2_errors,narrow_peak,3,4,200,0.12963886670724725,0.0021741892421791894,0.0,0.0
AR2_errors,narrow_peak,3,5,200,0.05922888875803395,0.002056992887988735,0.26,0.031093957143700272
AR2_errors,narrow_peak,3,6,200,-0.051849739969019225,0.002879277758024487,0.7,0.032485017806822114
AR2_errors,narrow_peak,5,0,200,-0.012411568617005708,0.003002197906936923,0.92,0.019231465004807973
AR2_errors,narrow_peak,5,1,200,0.07881237408393346,0.0029249583936280512,0.415,0.0349281387189735
AR2_errors,narrow_peak,5,2,200,-0.14011319052527013,0.0025673589665448837,0.005,0.005000000000000015
AR2_errors,narrow_peak,5,3,200,0.06833598963951905,0.0028422502385836556,0.415,0.0349281387189735
AR2_errors,narrow_peak,5,4,200,0.05133102847828883,0.002677185235851993,0.51,0.035436970729343674
AR2_errors,narrow_peak,5,5,200,-0.05057074125600365,0.0031177643175015323,0.61,0.03457567623250011
AR2_errors,narrow_peak,5,6,200,0.008841386016734086,0.002912076169707586,0.915,0.01976939922528359
AR2_errors,narrow_peak,7,0,200,-0.0023207194863365884,0.002446236128182294,0.95,0.015449707678033392
AR2_errors,narrow_peak,7,1,200,-0.0026040126035039813,0.00286642043873385,0.895,0.021730995856253866
AR2_errors,narrow_peak,7,2,200,-0.0016367098644901252,0.0030378440113401593,0.905,0.020785455873744915
AR2_errors,narrow_peak,7,3,200,0.0045256651930750316,0.003245491320871895,0.89,0.02218016679366896
AR2_errors,narrow_peak,7,4,200,0.003329942032004126,0.003121063275180389,0.89,0.022180166793668965
AR2_errors,narrow_peak,7,5,200,0.00023550368858729097,0.0031410195893388656,0.865,0.02422414178513103
AR2_errors,narrow_peak,7,6,200,0.000725914730429995,0.0026738155478576785,0.93,0.018086892447072248
AR2_errors,smooth_curve,3,0,200,-0.003180163446257131,0.0025343504852588577,0.95,0.015449707678033393
AR2_errors,smooth_curve,3,1,200,-0.0008478521563158755,0.0018049091834228075,0.85,0.02531212194953127
AR2_errors,smooth_curve,3,2,200,0.0007885735468477589,0.002041704048428379,0.82,0.02723432655149685
AR2_errors,smooth_curve,3,3,200,0.0017291136632337045,0.002258375824692314,0.825,0.0269351538433107
AR2_errors,smooth_curve,3,4,200,0.0019737681928419792,0.002150556878856487,0.82,0.02723432655149685
AR2_errors,smooth_curve,3,5,200,0.0015225371356726086,0.0019854121950461665,0.8,0.0283552482003334
AR2_errors,smooth_curve,3,6,200,0.0003754204917255713,0.0026225736859671602,0.9,0.0212664361502501
AR2_errors,smooth_curve,5,0,200,-0.0022558610948706535,0.002481179757873253,0.94,0.016834995854681276
AR2_errors,smooth_curve,5,1,200,-0.0033772420364119203,0.002765261807483147,0.91,0.020286887118154046
AR2_errors,smooth_curve,5,2,200,0.00045834156996278755,0.002450745037479152,0.855,0.024959766620478368
AR2_errors,smooth_curve,5,3,200,0.0034643164693631528,0.002820258222061099,0.845,0.025654742819715245
AR2_errors,smooth_curve,5,4,200,0.0032379887856901265,0.0026001024451583954,0.835,0.026312291489284743
AR2_errors,smooth_curve,5,5,200,0.0007605440216358734,0.0030013249398488295,0.86,0.024597258498217672
AR2_errors,smooth_curve,5,6,200,0.000397047058683684,0.00264708603108651,0.93,0.01808689244707223
AR2_errors,smooth_curve,7,0,200,-0.002219318046709492,0.002451099269194765,0.955,0.014695399751940947
AR2_errors,smooth_curve,7,1,200,-0.002487706372553762,0.0028682952215365338,0.895,0.021730995856253866
AR2_errors,smooth_curve,7,2,200,-0.0015163160361980172,0.00304119543705281,0.9,0.0212664361502501
AR2_errors,smooth_curve,7,3,200,0.00460066913645715,0.0032433568158809784,0.89,0.02218016679366896
AR2_errors,smooth_curve,7,4,200,0.0034148248367437896,0.003122190997955709,0.89,0.022180166793668965
AR2_errors,smooth_curve,7,5,200,0.00034463449912137517,0.0031440059476796445,0.865,0.02422414178513103
AR2_errors,smooth_curve,7,6,200,0.0007093167321324043,0.00267736549153037,0.93,0.018086892447072248
ARMA21_errors,narrow_peak,3,0,200,0.06736973978609494,0.0033187646830605804,0.555,0.0352289710609046
ARMA21_errors,narrow_peak,3,1,200,0.006560788203543806,0.0019311801186571297,0.9,0.021266436150250086
ARMA21_errors,narrow_peak,3,2,200,-0.2430054047001743,0.0019694507686833207,0.0,0.0
ARMA21_errors,narrow_peak,3,3,200,0.03222704453394685,0.0022608150210630417,0.74,0.03109395714370027
ARMA21_errors,narrow_peak,3,4,200,0.11870225244690102,0.0021932730086828196,0.01,0.007053278933842961
ARMA21_errors,narrow_peak,3,5,200,0.059491925698786974,0.002023280981267987,0.3,0.03248501780682212
ARMA21_errors,narrow_peak,3,6,200,-0.03343748495702564,0.0027950823482753807,0.83,0.02662790314934043
ARMA21_errors,narrow_peak,5,0,200,0.021936393814812397,0.0037352756642472086,0.815,0.027525684670556542
ARMA21_errors,narrow_peak,5,1,200,0.04765069118193544,0.0033924291755298174,0.705,0.03232801420614268
ARMA21_errors,narrow_peak,5,2,200,-0.1603684885856816,0.0026320918681424057,0.0,0.0
ARMA21_errors,narrow_peak,5,3,200,0.07318473045826324,0.002885062262579313,0.465,0.03535711566489418
ARMA21_errors,narrow_peak,5,4,200,0.06280115364868212,0.0029270600980009945,0.505,0.035442288003096976
ARMA21_errors,narrow_peak,5,5,200,-0.05410412725378538,0.0034159299964776056,0.665,0.033458517029435815
ARMA21_errors,narrow_peak,5,6,200,-0.004924580088606478,0.002933989591833966,0.965,0.013027801736688037
ARMA21_errors,narrow_peak,7,0,200,-0.0011419103686591326,0.0027603395470092267,0.905,0.02078545587374492
ARMA21_errors,narrow_peak,7,1,200,-0.006883598546797991,0.002939542236063846,0.92,0.019231465004807973
ARMA21_errors,narrow_peak,7,2,200,-0.006695963863949388,0.002919141321024335,0.915,0.01976939922528359
ARMA21_errors,narrow_peak,7,3,200,-0.0016397402480128288,0.003059755045019376,0.93,0.01808689244707223
ARMA21_errors,narrow_peak,7,4,200,0.0004373083323191571,0.0032474641058392625,0.9,0.021266436150250083
ARMA21_errors,narrow_peak,7,5,200,-0.00048150621625692224,0.0032048460241049124,0.895,0.021730995856253866
ARMA21_errors,narrow_peak,7,6,200,-0.0009764273352097821,0.002543869688944033,0.94,0.016834995854681283
ARMA21_errors,smooth_curve,3,0,200,-0.0018944825871869092,0.0026663097703969038,0.9,0.02126643615025011
ARMA21_errors,smooth_curve,3,1,200,-0.0033946569560672933,0.0017299822015976914,0.905,0.020785455873744918
ARMA21_errors,smooth_curve,3,2,200,-0.004101090609982776,0.0019359979303258717,0.9,0.02126643615025009
ARMA21_errors,smooth_curve,3,3,200,-0.004013783548933423,0.002209485798667649,0.92,0.019231465004807973
ARMA21_errors,smooth_curve,3,4,200,-0.0031327357729192163,0.002141661614071061,0.86,0.024597258498217672
ARMA21_errors,smooth_curve,3,5,200,-0.001457947281940131,0.0019342163698867036,0.885,0.022614865924962278
ARMA21_errors,smooth_curve,3,6,200,0.001010581924003818,0.002430944994788765,0.95,0.015449707678033405
ARMA21_errors,smooth_curve,5,0,200,-0.001389471872983386,0.002698153746368187,0.915,0.01976939922528359
ARMA21_errors,smooth_curve,5,1,200,-0.007232317493592739,0.0028659586668907445,0.905,0.02078545587374489
ARMA21_errors,smooth_curve,5,2,200,-0.005432470702579828,0.0024424281625894735,0.9,0.02126643615025009
ARMA21_errors,smooth_curve,5,3,200,-0.0020693777641631783,0.0027682721224125593,0.93,0.018086892447072234
ARMA21_errors,smooth_curve,5,4,200,-0.00034591121234959506,0.002685030294923776,0.875,0.023444042219248146
ARMA21_errors,smooth_curve,5,5,200,-0.0005883698509342271,0.003205355820592109,0.89,0.02218016679366897
ARMA21_errors,smooth_curve,5,6,200,-0.0002464787535006362,0.002500972717670672,0.945,0.016161092305986377
ARMA21_errors,smooth_curve,7,0,200,-0.0011435075818663398,0.002760474128249119,0.905,0.02078545587374492
ARMA21_errors,smooth_curve,7,1,200,-0.0068851559635914935,0.002939253694960738,0.92,0.019231465004807973
ARMA21_errors,smooth_curve,7,2,200,-0.006695598923063277,0.0029186627417299034,0.915,0.01976939922528359
ARMA21_errors,smooth_curve,7,3,200,-0.0016424457733577068,0.0030593791417657013,0.93,0.01808689244707223
ARMA21_errors,smooth_curve,7,4,200,0.00043419208497035597,0.0032470055089623647,0.9,0.021266436150250083
ARMA21_errors,smooth_curve,7,5,200,-0.0004821297585843666,0.0032046533144251795,0.895,0.021730995856253866
ARMA21_errors,smooth_curve,7,6,200,-0.0009765522139377009,0.0025438767988789812,0.94,0.016834995854681283
