error_scenario,curve_scenario,metric,smaller_basis_dimension,comparison_basis_dimension,difference_direction,complete_paired_replicates,mean_paired_difference,difference_MCSE,MC_lower_95,MC_upper_95
AR2_errors,narrow_peak,curve_RMSE,3,7,smaller_basis_minus_basis7,200,0.07275155418094198,0.0006758170162722593,0.07142695282904835,0.07407615553283561
AR2_errors,narrow_peak,curve_RMSE,5,7,smaller_basis_minus_basis7,200,0.04209591683200408,0.0005472668012035668,0.04102327390164509,0.04316855976236307
AR2_errors,narrow_peak,pointwise_95_coverage,3,7,basis7_minus_smaller_basis,200,0.475,0.012926648689188884,0.44966376856918977,0.5003362314308102
AR2_errors,narrow_peak,pointwise_95_coverage,5,7,basis7_minus_smaller_basis,200,0.3621428571428571,0.013003375941197597,0.3366562402981098,0.3876294739876044
AR2_errors,narrow_peak,mean_interval_width,3,7,basis7_minus_smaller_basis,200,0.033757932837118136,0.0006684650634193429,0.032447741312816226,0.035068124361420046
AR2_errors,narrow_peak,mean_interval_width,5,7,basis7_minus_smaller_basis,200,0.009590711218899681,0.00047233666048946397,0.008664931364340333,0.01051649107345903
AR2_errors,smooth_curve,curve_RMSE,3,7,smaller_basis_minus_basis7,200,-0.011477893550162781,0.0005938598373574406,-0.012641858831383364,-0.010313928268942198
AR2_errors,smooth_curve,curve_RMSE,5,7,smaller_basis_minus_basis7,200,-0.0040359181931374465,0.00033176461130023105,-0.0046861768312859,-0.0033856595549889936
AR2_errors,smooth_curve,pointwise_95_coverage,3,7,basis7_minus_smaller_basis,200,0.05142857142857142,0.011983990962136783,0.027939949142783325,0.07491719371435951
AR2_errors,smooth_curve,pointwise_95_coverage,5,7,basis7_minus_smaller_basis,200,0.021428571428571422,0.006774417240684011,0.00815071363683076,0.034706429220312085
AR2_errors,smooth_curve,mean_interval_width,3,7,basis7_minus_smaller_basis,200,0.04500627251922262,0.000510313805194355,0.044006057461041685,0.04600648757740356
AR2_errors,smooth_curve,mean_interval_width,5,7,basis7_minus_smaller_basis,200,0.016540544069431323,0.0003217763263050153,0.01590986246987349,0.017171225668989154
ARMA21_errors,narrow_peak,curve_RMSE,3,7,smaller_basis_minus_basis7,200,0.07436545481117456,0.000785513090119479,0.07282584915454038,0.07590506046780873
ARMA21_errors,narrow_peak,curve_RMSE,5,7,smaller_basis_minus_basis7,200,0.04795440462894073,0.0007314319358197793,0.04652079803473397,0.049388011223147496
ARMA21_errors,narrow_peak,pointwise_95_coverage,3,7,basis7_minus_smaller_basis,200,0.4385714285714286,0.012004084356024028,0.41504342323362153,0.4620994339092357
ARMA21_errors,narrow_peak,pointwise_95_coverage,5,7,basis7_minus_smaller_basis,200,0.3264285714285714,0.012210234925659737,0.3024965109742783,0.3503606318828645
ARMA21_errors,narrow_peak,mean_interval_width,3,7,basis7_minus_smaller_basis,200,0.03736100976817146,0.0006524738943598609,0.03608216093522613,0.03863985860111679
ARMA21_errors,narrow_peak,mean_interval_width,5,7,basis7_minus_smaller_basis,200,0.005657039995333378,0.0006114264381579086,0.004458644176543878,0.0068554358141228785
ARMA21_errors,smooth_curve,curve_RMSE,3,7,smaller_basis_minus_basis7,200,-0.011776721554460214,0.000653923594743835,-0.013058411800158131,-0.010495031308762297
ARMA21_errors,smooth_curve,curve_RMSE,5,7,smaller_basis_minus_basis7,200,-0.003337421110087538,0.00031641510559767255,-0.0039575947170589765,-0.0027172475031161
ARMA21_errors,smooth_curve,pointwise_95_coverage,3,7,basis7_minus_smaller_basis,200,0.012142857142857136,0.010365957830090108,-0.008174420204119476,0.032460134489833745
ARMA21_errors,smooth_curve,pointwise_95_coverage,5,7,basis7_minus_smaller_basis,200,0.006428571428571428,0.005387030768662143,-0.004130008878006372,0.016987151735149225
ARMA21_errors,smooth_curve,mean_interval_width,3,7,basis7_minus_smaller_basis,200,0.04674481202508647,0.0005633245803096997,0.04564069584767946,0.04784892820249348
ARMA21_errors,smooth_curve,mean_interval_width,5,7,basis7_minus_smaller_basis,200,0.012890307920526499,0.00024112834652997985,0.01241769636132774,0.013362919479725259
