experiment,error_scenario,curve_scenario,basis_dimension,attempted,successful,failed,mean_curve_RMSE,MCSE_curve_RMSE,mean_pointwise_95_coverage,MCSE_pointwise_95_coverage,mean_mean_interval_width,MCSE_mean_interval_width
followup_shapes,AR2_errors,broad_peak_followup,3,20,20,0,0.04330853199993362,0.001309895190011098,0.6214285714285714,0.029813238936702017,0.09159553141919445,0.0034131140637968884
followup_shapes,AR2_errors,broad_peak_followup,5,20,20,0,0.03254688754789235,0.0023001852008030514,0.9214285714285715,0.026372120161346744,0.11775415180025539,0.003791242848380334
followup_shapes,AR2_errors,broad_peak_followup,7,20,20,0,0.03447750173822723,0.002080066739588267,0.95,0.018755593508671314,0.13377023330625867,0.0034153177509782576
followup_shapes,AR2_errors,two_peak_followup,3,20,20,0,0.11589535085738725,0.0019480794327412171,0.34285714285714286,0.028192982344740856,0.10225776442652139,0.003553769881456409
followup_shapes,AR2_errors,two_peak_followup,5,20,20,0,0.0340451959423777,0.0022061030778729204,0.8857142857142858,0.033742564920777256,0.11786510828818239,0.0038097540754654193
followup_shapes,AR2_errors,two_peak_followup,7,20,20,0,0.03455116947712947,0.0020913972136203385,0.95,0.018755593508671314,0.1337321212788789,0.0034282872929773268
followup_shapes,ARMA21_errors,broad_peak_followup,3,20,20,0,0.04912921590210288,0.0030448495113640285,0.6357142857142858,0.035107629510391085,0.10434440094753086,0.003213700477740651
followup_shapes,ARMA21_errors,broad_peak_followup,5,20,20,0,0.039457754327491976,0.004310596312725058,0.9142857142857144,0.04067106266555946,0.13737560494935802,0.0037854609410925485
followup_shapes,ARMA21_errors,broad_peak_followup,7,20,20,0,0.04289107941966596,0.004226637199046933,0.8857142857142858,0.04703907464546481,0.15040050519022866,0.0035396135624918977
followup_shapes,ARMA21_errors,two_peak_followup,3,20,20,0,0.13035439899286783,0.0023579625167918987,0.26428571428571423,0.034800335813286454,0.11356669596735602,0.0023412914106185675
followup_shapes,ARMA21_errors,two_peak_followup,5,20,20,0,0.041114053327330924,0.004154975330620585,0.8785714285714287,0.040505665222842664,0.13763249968679472,0.0037789264377031803
followup_shapes,ARMA21_errors,two_peak_followup,7,20,20,0,0.042926546551956365,0.0042224570665425065,0.8857142857142858,0.04703907464546481,0.1504399815443201,0.003521544624525934
original_chunk24,AR2_errors,narrow_peak,3,200,200,0,0.11267833059077859,0.00036228161243446197,0.4285714285714285,0.01104711569844571,0.10501376568138951,0.0009210823033011916
original_chunk24,AR2_errors,narrow_peak,5,200,200,0,0.08202269324184068,0.00046944298456308523,0.5414285714285714,0.010793081874378671,0.12918098729960797,0.0009758520004494318
original_chunk24,AR2_errors,narrow_peak,7,200,200,0,0.039926776409836606,0.0008348745592328498,0.9035714285714285,0.008529299433468229,0.13877169851850765,0.000900128975020279
original_chunk24,AR2_errors,smooth_curve,3,200,200,0,0.028471992215504685,0.0009245178497556883,0.8521428571428572,0.014896404994350729,0.09374565843832616,0.0009437314819504581
original_chunk24,AR2_errors,smooth_curve,5,200,200,0,0.035913967572530014,0.0008757699332645671,0.8821428571428572,0.01097435034528123,0.12221138688811749,0.000973178648887292
original_chunk24,AR2_errors,smooth_curve,7,200,200,0,0.039949885765667464,0.0008366082092152606,0.9035714285714286,0.008468967645662828,0.1387519309575488,0.0008999921041796472
original_chunk24,ARMA21_errors,narrow_peak,3,200,200,0,0.11417546294082057,0.0003945650850755966,0.47642857142857137,0.00929675195777611,0.11187978611928895,0.0009797200846079783
original_chunk24,ARMA21_errors,narrow_peak,5,200,200,0,0.08776441275858676,0.0006804746649331121,0.5885714285714285,0.010886272179066734,0.14358375589212705,0.0011698128845516896
original_chunk24,ARMA21_errors,narrow_peak,7,200,200,0,0.039810008129646024,0.0009391922927455816,0.915,0.009063269671749658,0.14924079588746042,0.0010550444381300168
original_chunk24,ARMA21_errors,smooth_curve,3,200,200,0,0.02802999669072336,0.0008975284147827942,0.9028571428571429,0.012839982166526327,0.10249486069043719,0.0009558600019566233
original_chunk24,ARMA21_errors,smooth_curve,5,200,200,0,0.036469297135096036,0.0009652425180640593,0.9085714285714286,0.009609331259598227,0.13634936479499718,0.001046379194253194
original_chunk24,ARMA21_errors,smooth_curve,7,200,200,0,0.03980671824518358,0.0009391257972193453,0.915,0.009063269671749658,0.14923967271552369,0.0010551779881326224
