error_scenario,curve_scenario,replicate,experiment,basis_dimension,original_status,bootstrap_status,reason,bootstrap_requested,bootstrap_attempted,bootstrap_successful,bootstrap_failed,wald_curve_RMSE,wald_pointwise_95_coverage,wald_mean_interval_width,wald_covered_lag_0,wald_covered_lag_1,wald_covered_lag_2,wald_covered_lag_3,wald_covered_lag_4,wald_covered_lag_5,wald_covered_lag_6,original_fit_seconds,bootstrap_curve_RMSE,bootstrap_pointwise_95_coverage,bootstrap_mean_interval_width,bootstrap_covered_lag_0,bootstrap_covered_lag_1,bootstrap_covered_lag_2,bootstrap_covered_lag_3,bootstrap_covered_lag_4,bootstrap_covered_lag_5,bootstrap_covered_lag_6
ARMA21_errors,narrow_peak,1,followup_interval_calibration,7,success,success,,99,99,99,0,0.034987489515585925,1.0,0.1385544009727062,1,1,1,1,1,1,1,4.80324735000022,0.034987489515585925,1.0,0.1542487906504113,1,1,1,1,1,1,1
ARMA21_errors,narrow_peak,2,followup_interval_calibration,7,success,success,,99,99,99,0,0.03305058878804734,1.0,0.12032476378604341,1,1,1,1,1,1,1,18.529087049999816,0.03305058878804734,1.0,0.12157447036766118,1,1,1,1,1,1,1
ARMA21_errors,narrow_peak,3,followup_interval_calibration,7,success,success,,99,99,99,0,0.03970433534994917,1.0,0.15171468755565853,1,1,1,1,1,1,1,5.88544383199951,0.03970433534994917,1.0,0.15973598710988143,1,1,1,1,1,1,1
ARMA21_errors,narrow_peak,4,followup_interval_calibration,7,success,success,,99,99,99,0,0.0183739444442019,1.0,0.1427308121857964,1,1,1,1,1,1,1,3.9874349359997723,0.0183739444442019,1.0,0.13377522124973273,1,1,1,1,1,1,1
ARMA21_errors,narrow_peak,5,followup_interval_calibration,7,success,success,,99,99,99,0,0.019385244707578998,1.0,0.13950588865347324,1,1,1,1,1,1,1,4.139913180999429,0.019385244707578998,1.0,0.14115967071181917,1,1,1,1,1,1,1
ARMA21_errors,narrow_peak,6,followup_interval_calibration,7,success,success,,99,99,99,0,0.052853371525969424,0.8571428571428571,0.15010316091238204,1,1,1,1,1,0,1,6.671305295999446,0.052853371525969424,1.0,0.15422225605803933,1,1,1,1,1,1,1
ARMA21_errors,narrow_peak,7,followup_interval_calibration,7,success,success,,99,99,99,0,0.030565095873971427,1.0,0.1626406472170017,1,1,1,1,1,1,1,4.419275895000283,0.030565095873971427,1.0,0.1542791674975694,1,1,1,1,1,1,1
ARMA21_errors,narrow_peak,8,followup_interval_calibration,7,success,success,,99,99,99,0,0.06504589094134937,0.7142857142857143,0.17130968008905428,1,1,1,0,0,1,1,4.982648770999731,0.06504589094134937,0.7142857142857143,0.15398823612862841,1,1,1,0,0,1,1
ARMA21_errors,narrow_peak,9,followup_interval_calibration,7,success,success,,99,99,99,0,0.06168768100846757,0.7142857142857143,0.16681958591923893,1,1,0,1,0,1,1,9.668099584001538,0.06168768100846757,1.0,0.18543699937743008,1,1,1,1,1,1,1
ARMA21_errors,narrow_peak,10,followup_interval_calibration,7,success,success,,99,99,99,0,0.041381545790211305,1.0,0.18614832662052222,1,1,1,1,1,1,1,6.151317655998355,0.041381545790211305,1.0,0.17850976739025298,1,1,1,1,1,1,1
ARMA21_errors,narrow_peak,11,followup_interval_calibration,7,success,success,,99,99,99,0,0.05520061064290144,0.7142857142857143,0.14034804947341237,0,1,0,1,1,1,1,5.373331090999272,0.05520061064290144,0.7142857142857143,0.13176506695847742,0,1,0,1,1,1,1
ARMA21_errors,narrow_peak,12,followup_interval_calibration,7,success,success,,99,99,99,0,0.03981879554443869,1.0,0.15307089108114194,1,1,1,1,1,1,1,3.691974767998545,0.03981879554443869,1.0,0.1612932103443174,1,1,1,1,1,1,1
ARMA21_errors,narrow_peak,13,followup_interval_calibration,7,success,success,,99,99,99,0,0.028033422978444394,1.0,0.1472695500132096,1,1,1,1,1,1,1,5.662123393000002,0.028033422978444394,1.0,0.1394802800721595,1,1,1,1,1,1,1
ARMA21_errors,narrow_peak,14,followup_interval_calibration,7,success,success,,99,99,99,0,0.03227878405211284,1.0,0.13119622336086453,1,1,1,1,1,1,1,4.115530616998512,0.03227878405211284,1.0,0.13007393259791722,1,1,1,1,1,1,1
ARMA21_errors,narrow_peak,15,followup_interval_calibration,7,success,success,,99,99,99,0,0.09765949588830983,0.14285714285714285,0.13681956169727752,0,0,0,0,0,0,1,9.35170332999951,0.09765949588830983,0.2857142857142857,0.13310344885774963,0,0,1,0,0,0,1
ARMA21_errors,narrow_peak,16,followup_interval_calibration,7,success,success,,99,99,99,0,0.023473025002595415,1.0,0.1406196613950846,1,1,1,1,1,1,1,10.392978763999054,0.023473025002595415,1.0,0.14108691418256716,1,1,1,1,1,1,1
ARMA21_errors,narrow_peak,17,followup_interval_calibration,7,success,success,,99,99,99,0,0.05845484349148191,0.8571428571428571,0.16072961317444903,1,1,1,1,0,1,1,4.207687124999211,0.05845484349148191,0.8571428571428571,0.14296924397051877,1,1,1,1,0,1,1
ARMA21_errors,narrow_peak,18,followup_interval_calibration,7,success,success,,99,99,99,0,0.031377060418457454,1.0,0.17188950566663702,1,1,1,1,1,1,1,8.144042967000132,0.031377060418457454,1.0,0.16052436736654505,1,1,1,1,1,1,1
ARMA21_errors,narrow_peak,19,followup_interval_calibration,7,success,success,,99,99,99,0,0.05332338209624501,0.7142857142857143,0.14775964241959158,1,1,1,0,0,1,1,4.421711859000425,0.05332338209624501,0.7142857142857143,0.14648385792985333,1,1,1,0,0,1,1
ARMA21_errors,narrow_peak,20,followup_interval_calibration,7,success,success,,99,99,99,0,0.041795244123477196,1.0,0.14942592317166814,1,1,1,1,1,1,1,3.9548436110017064,0.041795244123477196,0.8571428571428571,0.14740671588382528,1,1,1,0,1,1,1
