experiment,error_scenario,curve_scenario,metric,contrast,paired_replicates,mean_difference,MCSE,MC_lower,MC_upper
followup_shapes,AR2_errors,broad_peak_followup,curve_RMSE,7 minus 3,20,-0.008831030261706393,0.001337112219801718,-0.01145177021251776,-0.006210290310895025
followup_shapes,AR2_errors,broad_peak_followup,curve_RMSE,7 minus 5,20,0.0019306141903348696,0.0005394528643144054,0.0008732865762786351,0.002987941804391104
followup_shapes,AR2_errors,broad_peak_followup,pointwise_95_coverage,7 minus 3,20,0.3285714285714286,0.023405086340260724,0.2826974593445176,0.37444539779833963
followup_shapes,AR2_errors,broad_peak_followup,pointwise_95_coverage,7 minus 5,20,0.028571428571428574,0.01671136148187434,-0.004182839933045135,0.06132569707590228
followup_shapes,AR2_errors,broad_peak_followup,mean_interval_width,7 minus 3,20,0.04217470188706426,0.001088672199294846,0.04004090437644636,0.04430849939768215
followup_shapes,AR2_errors,broad_peak_followup,mean_interval_width,7 minus 5,20,0.016016081506003293,0.0009624267884398545,0.014129725000661179,0.017902438011345407
followup_shapes,AR2_errors,two_peak_followup,curve_RMSE,7 minus 3,20,-0.08134418138025777,0.0029969151197780344,-0.08721813501502272,-0.07547022774549282
followup_shapes,AR2_errors,two_peak_followup,curve_RMSE,7 minus 5,20,0.0005059735347517745,0.0005710936108363394,-0.0006133699424874507,0.0016253170119909996
followup_shapes,AR2_errors,two_peak_followup,pointwise_95_coverage,7 minus 3,20,0.6071428571428571,0.03256819664746397,0.5433091917138277,0.6709765225718864
followup_shapes,AR2_errors,two_peak_followup,pointwise_95_coverage,7 minus 5,20,0.06428571428571431,0.02425030589905284,0.016755114723570746,0.11181631384785787
followup_shapes,AR2_errors,two_peak_followup,mean_interval_width,7 minus 3,20,0.031474356852357485,0.001749525003540723,0.02804528784541767,0.0349034258592973
followup_shapes,AR2_errors,two_peak_followup,mean_interval_width,7 minus 5,20,0.015867012990696483,0.0009941439128188755,0.013918490921571488,0.017815535059821478
followup_shapes,ARMA21_errors,broad_peak_followup,curve_RMSE,7 minus 3,20,-0.006238136482436913,0.0028207366637010307,-0.011766780343290933,-0.0007094926215828936
followup_shapes,ARMA21_errors,broad_peak_followup,curve_RMSE,7 minus 5,20,0.003433325092174,0.001013552529750115,0.0014467621338637745,0.005419888050484226
followup_shapes,ARMA21_errors,broad_peak_followup,pointwise_95_coverage,7 minus 3,20,0.25,0.04956849247008881,0.15284575475862594,0.34715424524137406
followup_shapes,ARMA21_errors,broad_peak_followup,pointwise_95_coverage,7 minus 5,20,-0.028571428571428564,0.022228188720442833,-0.07213867846349652,0.014995821320639386
followup_shapes,ARMA21_errors,broad_peak_followup,mean_interval_width,7 minus 3,20,0.04605610424269778,0.002053209011877853,0.04203181457941719,0.05008039390597837
followup_shapes,ARMA21_errors,broad_peak_followup,mean_interval_width,7 minus 5,20,0.013024900240870635,0.0007664161579647384,0.011522724571259748,0.014527075910481522
followup_shapes,ARMA21_errors,two_peak_followup,curve_RMSE,7 minus 3,20,-0.08742785244091146,0.0045797353868425265,-0.09640413379912281,-0.07845157108270011
followup_shapes,ARMA21_errors,two_peak_followup,curve_RMSE,7 minus 5,20,0.00181249322462543,0.0009560107502583269,-6.128784588089087e-05,0.0036862742951317504
followup_shapes,ARMA21_errors,two_peak_followup,pointwise_95_coverage,7 minus 3,20,0.6214285714285714,0.06738557951469001,0.48935283557977904,0.7535043072773638
followup_shapes,ARMA21_errors,two_peak_followup,pointwise_95_coverage,7 minus 5,20,0.0071428571428571565,0.026372120161346744,-0.04454649837338246,0.05883221265909678
followup_shapes,ARMA21_errors,two_peak_followup,mean_interval_width,7 minus 3,20,0.036873285576964114,0.0024740852620896074,0.032024078463268484,0.041722492690659745
followup_shapes,ARMA21_errors,two_peak_followup,mean_interval_width,7 minus 5,20,0.012807481857525435,0.0008029570491449004,0.01123368604120143,0.01438127767384944
original_chunk24,AR2_errors,narrow_peak,curve_RMSE,7 minus 3,200,-0.07275155418094198,0.0006758170162722595,-0.07407615553283561,-0.07142695282904835
original_chunk24,AR2_errors,narrow_peak,curve_RMSE,7 minus 5,200,-0.04209591683200408,0.0005472668012035667,-0.04316855976236307,-0.04102327390164509
original_chunk24,AR2_errors,narrow_peak,pointwise_95_coverage,7 minus 3,200,0.4750000000000001,0.01292664868918891,0.4496637685691898,0.5003362314308104
original_chunk24,AR2_errors,narrow_peak,pointwise_95_coverage,7 minus 5,200,0.3621428571428572,0.013003375941197583,0.3366562402981099,0.3876294739876045
original_chunk24,AR2_errors,narrow_peak,mean_interval_width,7 minus 3,200,0.033757932837118136,0.0006684650634193427,0.032447741312816226,0.035068124361420046
original_chunk24,AR2_errors,narrow_peak,mean_interval_width,7 minus 5,200,0.009590711218899683,0.000472336660489464,0.008664931364340333,0.010516491073459033
original_chunk24,AR2_errors,smooth_curve,curve_RMSE,7 minus 3,200,0.011477893550162776,0.0005938598373574407,0.010313928268942191,0.01264185883138336
original_chunk24,AR2_errors,smooth_curve,curve_RMSE,7 minus 5,200,0.0040359181931374465,0.00033176461130023105,0.0033856595549889936,0.0046861768312859
original_chunk24,AR2_errors,smooth_curve,pointwise_95_coverage,7 minus 3,200,0.05142857142857142,0.011983990962136796,0.0279399491427833,0.07491719371435954
original_chunk24,AR2_errors,smooth_curve,pointwise_95_coverage,7 minus 5,200,0.021428571428571422,0.006774417240684016,0.008150713636830752,0.03470642922031209
original_chunk24,AR2_errors,smooth_curve,mean_interval_width,7 minus 3,200,0.04500627251922263,0.0005103138051943551,0.04400605746104169,0.04600648757740357
original_chunk24,AR2_errors,smooth_curve,mean_interval_width,7 minus 5,200,0.016540544069431333,0.00032177632630501563,0.0159098624698735,0.017171225668989164
original_chunk24,ARMA21_errors,narrow_peak,curve_RMSE,7 minus 3,200,-0.07436545481117454,0.0007855130901194794,-0.07590506046780872,-0.07282584915454036
original_chunk24,ARMA21_errors,narrow_peak,curve_RMSE,7 minus 5,200,-0.047954404628940746,0.0007314319358197791,-0.04938801122314751,-0.04652079803473398
original_chunk24,ARMA21_errors,narrow_peak,pointwise_95_coverage,7 minus 3,200,0.4385714285714286,0.012004084356024031,0.41504342323362153,0.4620994339092357
original_chunk24,ARMA21_errors,narrow_peak,pointwise_95_coverage,7 minus 5,200,0.3264285714285714,0.012210234925659747,0.3024965109742783,0.3503606318828645
original_chunk24,ARMA21_errors,narrow_peak,mean_interval_width,7 minus 3,200,0.03736100976817146,0.000652473894359861,0.03608216093522613,0.03863985860111679
original_chunk24,ARMA21_errors,narrow_peak,mean_interval_width,7 minus 5,200,0.005657039995333386,0.0006114264381579086,0.004458644176543885,0.006855435814122887
original_chunk24,ARMA21_errors,smooth_curve,curve_RMSE,7 minus 3,200,0.011776721554460216,0.0006539235947438346,0.0104950313087623,0.013058411800158131
original_chunk24,ARMA21_errors,smooth_curve,curve_RMSE,7 minus 5,200,0.0033374211100875447,0.00031641510559767265,0.0027172475031161064,0.003957594717058983
original_chunk24,ARMA21_errors,smooth_curve,pointwise_95_coverage,7 minus 3,200,0.012142857142857136,0.01036595783009012,-0.0081744202041195,0.03246013448983377
original_chunk24,ARMA21_errors,smooth_curve,pointwise_95_coverage,7 minus 5,200,0.006428571428571428,0.005387030768662136,-0.004130008878006358,0.01698715173514921
original_chunk24,ARMA21_errors,smooth_curve,mean_interval_width,7 minus 3,200,0.046744812025086485,0.0005633245803096995,0.04564069584767948,0.04784892820249349
original_chunk24,ARMA21_errors,smooth_curve,mean_interval_width,7 minus 5,200,0.012890307920526495,0.00024112834652998026,0.012417696361327734,0.013362919479725257
