error_scenario,curve_scenario,interval_method,lag_weeks,paired_replicates,pointwise_coverage,coverage_MCSE
ARMA21_errors,narrow_peak,wald,0,20,0.9,0.06882472016116853
ARMA21_errors,narrow_peak,wald,1,20,0.95,0.05000000000000001
ARMA21_errors,narrow_peak,wald,2,20,0.85,0.08191780219091253
ARMA21_errors,narrow_peak,wald,3,20,0.85,0.08191780219091253
ARMA21_errors,narrow_peak,wald,4,20,0.75,0.09933992677987828
ARMA21_errors,narrow_peak,wald,5,20,0.9,0.06882472016116853
ARMA21_errors,narrow_peak,wald,6,20,1.0,0.0
ARMA21_errors,narrow_peak,bootstrap,0,20,0.9,0.06882472016116853
ARMA21_errors,narrow_peak,bootstrap,1,20,0.95,0.05000000000000001
ARMA21_errors,narrow_peak,bootstrap,2,20,0.95,0.05000000000000001
ARMA21_errors,narrow_peak,bootstrap,3,20,0.8,0.0917662935482247
ARMA21_errors,narrow_peak,bootstrap,4,20,0.8,0.0917662935482247
ARMA21_errors,narrow_peak,bootstrap,5,20,0.95,0.05000000000000001
ARMA21_errors,narrow_peak,bootstrap,6,20,1.0,0.0
